Name,Date,WAR3▼,Yrs,G,AB,R,H,HR,RBI,SB,BB,BA,OBP,SLG,OPS,W,L,ERA,WHIP,G,GS,SV,IP,H,HR,BB,SO
Aaron Judge,12/20/22,17.8,7,729,2638,535,748,220,497,40,472,0.284,0.394,0.583,0.977,,,,,,,,,,,,
Carlos Correa,1/11/23,14.3,8,888,3346,508,933,155,553,33,408,0.279,0.357,0.479,0.836,,,,,,,,,,,,
Trea Turner,12/8/22,14.2,8,849,3424,586,1033,124,434,230,268,0.302,0.355,0.487,0.842,,,,,,,,,,,,
Xander Bogaerts,12/9/22,12.2,10,1264,4834,752,1410,156,683,74,461,0.292,0.356,0.458,0.814,,,,,,,,,,,,
Dansby Swanson,12/21/22,10.4,7,827,3043,433,775,102,411,58,290,0.255,0.321,0.417,0.738,,,,,,,,,,,,
Brandon Nimmo,12/10/22,10.4,7,608,1973,335,530,63,213,23,323,0.269,0.385,0.441,0.827,,,,,,,,,,,,
José Abreu,11/28/22,10.2,9,1270,4954,697,1445,243,863,11,386,0.292,0.354,0.506,0.86,,,,,,,,,,,,
Carlos Rodón,12/21/22,10.1,8,8,13,0,2,0,2,0,0,0.154,0.154,0.231,0.385,56,46,3.6,1.239,152,147,0,847.1,731,91,319,947
Chris Bassitt,12/16/22,9.3,8,5,8,0,0,0,0,0,0,0,0,0,0,46,34,3.45,1.196,136,123,0,737.1,654,75,228,671
Jacob deGrom,12/2/22,9.1,9,186,383,27,78,3,29,1,17,0.204,0.238,0.251,0.488,82,57,2.52,0.998,209,209,0,1326,1021,117,303,1607
Willson Contreras,12/9/22,9,7,734,2481,353,636,117,365,22,279,0.256,0.349,0.459,0.808,,,,,,,,,,,,
Clayton Kershaw,12/5/22,7.9,15,357,698,46,113,1,40,1,34,0.162,0.205,0.185,0.39,197,87,2.48,1.001,401,398,0,2581,1955,206,629,2807
Justin Turner,1/6/23,7.2,14,1393,4522,652,1307,164,663,41,462,0.289,0.366,0.466,0.832,,,,,,,,,,,,
Nathan Eovaldi,12/27/22,7.2,11,94,153,9,12,0,2,0,7,0.078,0.119,0.078,0.197,67,68,4.16,1.322,240,221,0,1257.2,1307,140,356,1060
Jean Segura,1/4/23,6.7,11,1328,5195,712,1479,107,492,205,301,0.285,0.33,0.408,0.739,,,,,,,,,,,,
Martín Pérez,11/15/22,6.6,11,16,26,1,1,0,0,0,0,0.038,0.038,0.038,0.077,75,77,4.43,1.446,253,223,0,1299,1409,142,470,909
Joey Gallo,12/20/22,6.5,8,752,2364,400,471,177,386,29,417,0.199,0.325,0.469,0.794,,,,,,,,,,,,
Jeimer Candelario,11/29/22,6.5,7,606,2183,283,525,66,248,7,237,0.24,0.322,0.401,0.723,,,,,,,,,,,,
Kevin Kiermaier,12/14/22,6.3,10,914,3053,410,756,82,316,112,236,0.248,0.308,0.407,0.715,,,,,,,,,,,,
Justin Verlander,12/7/22,6.1,17,24,50,2,5,0,1,0,0,0.1,0.1,0.1,0.2,244,133,3.24,1.117,482,482,0,3163,2654,322,880,3198
Wade Miley,1/9/23,5.8,12,157,297,22,47,1,15,0,13,0.158,0.194,0.195,0.389,99,94,4.13,1.376,292,285,0,1618,1663,178,563,1280
Adam Frazier,12/15/22,5.7,7,821,2751,374,751,43,257,41,228,0.273,0.336,0.392,0.728,,,,,,,,,,,,
Josh Bell,12/12/22,5.6,7,852,2950,436,773,130,468,4,406,0.262,0.351,0.459,0.81,,,,,,,,,,,,
Edwin Díaz,11/9/22,5.6,7,138,2,0,0,0,0,0,0,0,0,0,0,16,29,2.93,1.062,404,0,205,399.1,283,43,141,657
Andrew Benintendi,1/3/23,5.5,7,745,2791,396,778,73,384,69,309,0.279,0.351,0.431,0.782,,,,,,,,,,,,
Michael Brantley,12/21/22,5.4,14,1430,5512,751,1641,127,713,125,483,0.298,0.356,0.439,0.794,,,,,,,,,,,,
Anthony Rizzo,11/15/22,5.2,12,1536,5578,839,1476,283,889,72,719,0.265,0.366,0.481,0.847,,,,,,,,,,,,
Brandon Belt,1/10/23,5,12,1310,4390,628,1146,175,584,47,617,0.261,0.356,0.458,0.814,,,,,,,,,,,,
Zack Greinke,2/3/23,4.9,19,259,521,49,117,9,34,9,26,0.225,0.262,0.336,0.598,223,141,3.42,1.167,556,514,1,3247,3049,342,739,2882
Nelson Cruz,1/23/23,4.5,18,2006,7358,1081,2018,459,1302,83,732,0.274,0.344,0.515,0.859,,,,,,,,,,,,
Johnny Cueto,1/19/23,4.4,15,287,545,27,55,0,18,1,17,0.101,0.129,0.103,0.232,143,107,3.44,1.208,355,353,0,2192.2,2029,232,619,1812
AJ Pollock,1/12/23,4.4,11,1033,3654,560,1010,140,470,122,282,0.276,0.332,0.469,0.801,,,,,,,,,,,,
Mitch Haniger,12/6/22,4.4,6,564,2164,344,565,112,323,18,217,0.261,0.335,0.476,0.811,,,,,,,,,,,,
Taijuan Walker,12/16/22,4.3,10,61,112,6,18,1,7,0,2,0.161,0.183,0.205,0.388,54,50,3.89,1.226,167,163,0,898,817,121,284,806
Zach Eflin,12/13/22,4.3,7,93,167,10,21,1,6,0,1,0.126,0.136,0.162,0.298,36,45,4.49,1.295,127,115,1,659.1,694,103,160,552
Kyle Gibson,12/5/22,4.1,10,23,48,6,8,1,2,0,2,0.167,0.2,0.229,0.429,89,91,4.52,1.385,267,261,0,1504,1549,180,534,1202
Christian Vázquez,12/16/22,4,8,733,2433,283,636,55,276,28,163,0.261,0.31,0.386,0.695,,,,,,,,,,,,
Adam Duvall,1/24/23,3.8,9,830,2770,382,637,163,478,18,204,0.23,0.289,0.465,0.755,,,,,,,,,,,,
Wil Myers,12/22/22,3.8,10,1063,3699,522,941,153,521,105,406,0.254,0.329,0.442,0.771,0,0,7.36,1.091,4,0,0,3.2,4,3,0,0
Jameson Taillon,12/19/22,3.5,6,78,136,2,15,0,5,0,2,0.11,0.123,0.118,0.241,51,35,3.84,1.212,143,143,0,787.2,762,98,193,710
Kenley Jansen,12/13/22,3.5,13,640,9,1,3,0,1,0,1,0.333,0.4,0.444,0.844,42,28,2.46,0.938,766,0,391,769,495,71,226,1107
Brian Anderson,1/23/23,3.4,6,531,1904,249,487,57,233,13,201,0.256,0.341,0.41,0.75,,,,,,,,,,,,
J.D. Martinez,12/29/22,3.4,12,1409,5286,790,1522,282,899,25,518,0.288,0.352,0.52,0.872,,,,,,,,,,,,
Eric Hosmer,1/13/23,3.3,12,1658,6255,805,1731,196,879,76,556,0.277,0.336,0.428,0.764,,,,,,,,,,,,
Jace Peterson,12/13/22,3.3,9,740,2019,239,466,36,207,62,260,0.231,0.321,0.343,0.664,0,0,13.5,2.75,4,0,0,4,10,1,1,3
Andrew Chafin,2/15/23,3.1,9,347,5,0,1,0,1,0,0,0.2,0.2,0.2,0.4,14,20,3.23,1.228,476,3,11,400.2,336,26,156,422
César Hernández,1/30/23,3.1,10,1186,4278,590,1144,71,369,91,453,0.267,0.341,0.375,0.716,,,,,,,,,,,,
Evan Longoria,1/5/23,3.1,15,1912,7095,992,1883,331,1131,58,707,0.265,0.334,0.472,0.806,,,,,,,,,,,,
Rich Hill,1/5/23,3,18,150,256,4,29,0,13,0,3,0.113,0.13,0.133,0.263,82,59,3.85,1.229,350,221,0,1259,1065,151,482,1294
Ross Stripling,12/13/22,3,7,132,91,5,8,0,4,1,4,0.088,0.126,0.088,0.214,38,38,3.78,1.195,204,104,4,672,644,97,159,622
Adam Ottavino,12/27/22,2.9,12,354,24,1,2,0,0,0,1,0.083,0.12,0.083,0.203,38,34,3.44,1.291,598,3,33,625.1,533,59,274,727
Mike Zunino,12/15/22,2.9,10,850,2674,315,535,146,361,2,204,0.2,0.271,0.41,0.681,,,,,,,,,,,,
Chad Green,1/30/23,2.8,7,14,5,0,0,0,0,0,0,0,0,0,0,33,22,3.17,1.022,272,24,11,383.2,296,55,96,494
Drew Smyly,12/24/22,2.7,9,47,64,1,3,0,0,0,1,0.047,0.062,0.047,0.108,53,47,4.1,1.266,239,156,3,943.2,903,154,292,922
Sean Manaea,12/19/22,2.7,7,8,14,0,3,0,0,0,1,0.214,0.267,0.286,0.552,58,50,4.06,1.22,159,156,0,885,850,123,230,797
Brad Boxberger,12/15/22,2.7,11,184,3,0,0,0,0,0,0,0,0,0,0,31,37,3.44,1.265,484,0,82,457.2,357,60,222,564
Aledmys Díaz,12/13/22,2.7,7,582,1979,264,527,74,269,14,138,0.266,0.32,0.443,0.763,,,,,,,,,,,,
José Quintana,12/9/22,2.7,11,95,156,4,12,0,7,0,3,0.077,0.094,0.083,0.177,89,87,3.75,1.278,315,289,0,1723.2,1698,174,504,1532
Chris Martin,12/8/22,2.7,7,85,0,0,0,0,0,0,0,,,,,9,16,3.84,1.151,269,0,9,251,255,29,34,261
Jarlín García,12/28/22,2.6,6,197,12,0,0,0,0,0,1,0,0.077,0,0.077,17,15,3.61,1.146,285,7,2,322,265,45,104,259
Mychal Givens,12/21/22,2.6,8,73,2,0,0,0,0,0,0,0,0,0,0,32,23,3.4,1.193,419,1,31,457.2,361,54,185,537
Michael Wacha,2/16/23,2.5,10,159,251,16,23,0,16,1,9,0.092,0.123,0.1,0.222,74,50,4.05,1.307,225,204,0,1153.2,1138,147,370,1021
Brett Phillips,1/9/23,2.5,6,354,791,113,149,28,93,36,87,0.188,0.273,0.348,0.62,0,0,16.2,3,4,0,0,5,11,3,4,0
Craig Kimbrel,1/4/23,2.5,13,416,2,0,0,0,0,0,0,0,0,0,0,41,36,2.31,0.985,709,0,394,688.1,398,56,280,1098
Curt Casali,12/22/22,2.5,9,462,1179,137,263,47,148,2,145,0.223,0.316,0.392,0.707,,,,,,,,,,,,
David Robertson,12/9/22,2.5,14,66,1,0,0,0,0,0,0,0,0,0,0,57,36,2.89,1.156,731,1,157,739.1,550,65,305,977
Danny Duffy,1/27/23,2.4,11,,,,,,,,,,,,,,,,,,,,,,,,
Andrew McCutchen,1/20/23,2.4,14,1895,7035,1118,1948,287,1002,205,983,0.277,0.369,0.469,0.838,,,,,,,,,,,,
David Peralta,2/16/23,2.3,9,1008,3558,444,1001,110,486,33,294,0.281,0.339,0.457,0.796,,,,,,,,,,,,
Rafael Ortega,12/24/22,2.3,6,364,1022,120,256,21,101,41,106,0.25,0.322,0.361,0.683,,,,,,,,,,,,
Adam Engel,1/6/23,2.2,6,523,1413,173,318,30,123,47,76,0.225,0.28,0.35,0.631,,,,,,,,,,,,
Andrew Heaney,12/9/22,2.2,9,15,24,2,3,0,0,0,1,0.125,0.16,0.125,0.285,36,42,4.56,1.245,137,126,0,707,682,128,198,760
Corey Kluber,1/12/23,2.1,12,16,28,2,3,0,0,0,1,0.107,0.138,0.143,0.281,113,71,3.31,1.112,256,251,0,1586.2,1417,160,347,1683
Erasmo Ramírez,12/20/22,2.1,11,15,14,0,2,0,1,0,0,0.143,0.143,0.143,0.286,37,42,4.21,1.221,276,94,4,768,733,115,205,587
Carlos Santana,11/29/22,2.1,13,1784,6329,917,1533,278,925,48,1148,0.242,0.359,0.432,0.791,,,,,,,,,,,,
Luke Jackson,1/9/23,1.9,7,,,,,,,,,,,,,,,,,,,,,,,,
Seth Lugo,12/22/22,1.9,7,187,58,7,9,1,4,0,2,0.155,0.18,0.259,0.439,32,24,3.48,1.164,275,38,16,494.2,439,60,137,508
Pedro Severino,12/21/22,1.9,8,370,1113,107,261,33,134,5,107,0.235,0.306,0.371,0.677,,,,,,,,,,,,
Casey Sadler,12/21/22,1.8,8,,,,,,,,,,,,,,,,,,,,,,,,
Aroldis Chapman,1/27/23,1.7,13,367,2,1,0,0,0,0,0,0,0,0,0,44,35,2.48,1.069,667,0,315,640,366,42,318,1045
Tommy Pham,1/24/23,1.7,9,876,2957,504,767,114,363,97,407,0.259,0.354,0.433,0.787,,,,,,,,,,,,
Brandon Drury,12/22/22,1.7,8,645,2105,248,531,79,277,4,136,0.252,0.302,0.434,0.736,,,,,,,,,,,,
Noah Syndergaard,12/16/22,1.7,7,113,222,14,34,6,15,0,15,0.153,0.206,0.266,0.472,57,41,3.42,1.176,146,144,0,852.2,806,78,197,872
Matt Moore,2/16/23,1.6,11,75,104,5,9,0,5,0,2,0.087,0.104,0.087,0.19,61,62,4.45,1.399,268,164,5,1041.2,1012,132,445,952
Tyler Duffey,1/30/23,1.6,8,13,1,0,0,0,0,0,0,0,0,0,0,29,27,4.57,1.295,295,37,6,475,478,66,137,466
Mike Mayers,12/22/22,1.6,7,80,2,0,0,0,0,0,1,0,0.333,0,0.333,11,9,5.1,1.401,198,6,5,236.1,245,43,86,248
Omar Narváez,12/22/22,1.6,7,600,1823,212,470,51,191,0,223,0.258,0.343,0.386,0.728,,,,,,,,,,,,
Mike Clevinger,12/4/22,1.6,6,6,10,0,0,0,0,0,0,0,0,0,0,51,30,3.39,1.188,128,114,0,656.2,538,78,242,694
Matt Carpenter,12/20/22,1.5,12,1376,4531,780,1192,170,613,27,718,0.263,0.369,0.456,0.825,,,,,,,,,,,,
Zach Davies,1/11/23,1.4,8,143,215,15,27,0,9,0,9,0.126,0.161,0.144,0.305,58,53,4.14,1.328,182,182,0,966,957,125,326,713
Bradley Zimmer,12/17/22,1.4,6,372,859,121,183,21,91,42,76,0.213,0.298,0.333,0.631,,,,,,,,,,,,
Tommy Hunter,12/5/22,1.4,15,107,5,1,1,0,0,0,0,0.2,0.2,0.2,0.4,56,46,4,1.236,494,76,22,893.2,902,123,203,619
Robert Suarez,11/17/22,1.4,1,0,0,,,,,,,,,,,5,1,2.27,1.049,45,0,1,47.2,29,4,21,61
Caleb Smith,2/12/23,1.3,6,88,87,4,15,0,4,1,1,0.172,0.2,0.207,0.407,20,30,4.55,1.309,147,64,0,447,368,84,217,478
Matt Duffy,1/30/23,1.3,7,626,2133,253,596,29,215,40,162,0.279,0.337,0.373,0.71,,,,,,,,,,,,
Michael Lorenzen,12/20/22,1.3,8,321,133,20,31,7,24,5,7,0.233,0.282,0.429,0.71,31,29,4.1,1.356,313,44,14,571,533,63,241,491
Steven Duggar,12/17/22,1.3,5,271,776,101,183,14,87,19,61,0.236,0.293,0.367,0.66,,,,,,,,,,,,
Matthew Boyd,12/14/22,1.3,8,8,10,0,3,0,0,0,1,0.3,0.364,0.3,0.664,39,62,4.9,1.321,159,145,0,797.2,798,142,256,772
Pierce Johnson,12/13/22,1.3,5,96,1,0,0,0,0,0,0,0,0,0,0,10,9,4.05,1.329,140,2,0,137.2,116,14,67,163
Joe Ross,1/30/23,1.2,7,,,,,,,,,,,,,,,,,,,,,,,,
Kevin Pillar,1/18/23,1.2,10,1033,3607,460,934,97,391,92,154,0.259,0.296,0.408,0.704,,,,,,,,,,,,
Cody Bellinger,12/14/22,1.2,6,745,2627,434,652,152,422,62,327,0.248,0.332,0.487,0.819,,,,,,,,,,,,
Ryan Weber,12/12/22,1.2,8,23,17,0,0,0,0,0,0,0,0,0,0,4,12,5.02,1.306,68,16,1,177.2,192,29,40,110
Jason Heyward,12/7/22,1.2,13,1579,5527,781,1422,159,641,118,644,0.257,0.339,0.406,0.746,,,,,,,,,,,,
Jesús Aguilar,1/27/23,1.1,9,759,2244,280,571,109,393,1,227,0.254,0.324,0.449,0.773,,,,,,,,,,,,
Chasen Shreve,1/20/23,1.1,9,102,3,0,0,0,0,0,1,0,0.25,0,0.25,21,12,3.87,1.339,317,0,2,311.1,265,54,152,342
Craig Stammen,1/10/23,1.1,13,478,101,6,22,0,10,0,6,0.218,0.259,0.297,0.556,55,44,3.66,1.236,562,43,6,885,858,95,236,743
Tucker Barnhart,12/29/22,1.1,9,838,2546,235,623,52,277,6,271,0.245,0.32,0.36,0.68,0,0,9,3,1,0,0,1,3,0,0,0
Nick Martinez,11/22/22,1.1,5,9,10,3,0,0,0,0,1,0,0.091,0,0.091,21,34,4.5,1.417,135,78,8,521.2,550,83,189,332
Jesse Chavez,11/12/22,1.1,15,219,22,0,2,0,0,0,0,0.091,0.091,0.091,0.182,48,63,4.4,1.338,571,84,8,1036,1059,151,327,942
Nick Anderson,11/11/22,1.1,3,,,,,,,,,,,,,,,,,,,,,,,,
Sean Doolittle,11/7/22,1.1,11,189,4,0,0,0,0,0,0,0,0,0,0,26,24,3.2,1.014,463,0,112,450.2,354,48,103,522
Juan Minaya,2/3/23,1,6,11,0,0,0,0,0,0,0,,,,,9,5,3.69,1.371,160,0,10,178,153,18,91,196
Hanser Alberto,1/11/23,1,7,458,1322,149,360,19,121,12,32,0.272,0.294,0.38,0.674,0,0,5.11,1.297,12,0,0,12.1,11,3,5,1
Dominic Smith,1/4/23,1,6,447,1244,147,306,46,179,3,95,0.246,0.308,0.424,0.733,,,,,,,,,,,,
Joc Pederson,11/15/22,1,9,1019,2962,457,702,171,434,22,385,0.237,0.335,0.47,0.804,,,,,,,,,,,,
Jimmy Nelson,2/16/23,0.9,9,,,,,,,,,,,,,,,,,,,,,,,,
Charlie Culberson,2/9/23,0.9,10,585,1211,140,300,30,145,21,68,0.248,0.293,0.386,0.679,0,0,1.23,1.364,8,0,0,7.1,7,0,3,1
Zack Littell,2/3/23,0.9,5,62,4,0,1,0,0,0,0,0.25,0.25,0.25,0.5,13,5,4.08,1.326,145,4,3,169.2,165,27,60,151
Luis Torrens,1/20/23,0.9,5,251,704,66,159,19,75,0,61,0.226,0.288,0.354,0.642,1,0,4.5,1.5,2,0,0,2,3,1,0,0
Cam Gallagher,1/4/23,0.9,6,171,420,41,101,7,39,0,34,0.24,0.302,0.355,0.656,,,,,,,,,,,,
Willi Castro,12/23/22,0.9,4,303,1007,134,247,24,101,18,51,0.245,0.292,0.381,0.673,,,,,,,,,,,,
Danny Mendick,12/22/22,0.9,4,151,407,53,102,10,45,1,32,0.251,0.309,0.366,0.675,,,,,,,,,,,,
Caleb Baragar,12/19/22,0.9,2,,,,,,,,,,,,,,,,,,,,,,,,
Victor Reyes,12/12/22,0.9,5,394,1214,147,321,16,107,33,49,0.264,0.294,0.379,0.673,,,,,,,,,,,,
Trevor Williams,12/10/22,0.9,7,111,146,8,18,0,6,0,9,0.123,0.174,0.123,0.297,38,44,4.27,1.343,159,118,1,715.1,730,98,231,590
Luke Maile,11/28/22,0.9,7,306,816,78,169,13,80,4,62,0.207,0.268,0.314,0.582,,,,,,,,,,,,
Domingo Tapia,12/28/22,0.8,3,3,0,0,0,0,0,0,0,,,,,4,1,4.42,1.545,50,0,0,55,54,3,31,42
Miguel Castro,12/2/22,0.8,8,97,0,0,0,0,0,0,0,,,,,16,22,4.12,1.407,333,4,7,382.1,333,47,205,342
Roberto Perez,2/6/23,0.7,9,511,1505,165,312,55,192,2,190,0.207,0.298,0.36,0.658,,,,,,,,,,,,
Devin Smeltzer,1/18/23,0.7,4,0,0,0,0,0,0,0,0,,,,,9,4,3.99,1.243,34,19,1,140,137,23,37,96
Kyle Funkhouser,1/17/23,0.7,2,,,,,,,,,,,,,,,,,,,,,,,,
Jake Marisnick,1/10/23,0.7,10,831,1977,277,451,63,213,79,116,0.228,0.281,0.384,0.665,,,,,,,,,,,,
Josh Rogers,1/9/23,0.7,4,6,12,0,0,0,0,0,1,0,0.077,0,0.077,5,7,5.42,1.443,30,12,0,88,91,22,36,45
Jhonathan Diaz,12/13/22,0.7,2,0,0,0,0,0,0,0,0,,,,,2,1,3.49,1.447,7,5,0,28.1,24,2,17,20
Carlos Estévez,12/5/22,0.7,6,219,0,0,0,0,0,0,0,,,,,18,21,4.59,1.407,321,0,25,302,307,42,118,312
Danny Coulombe,12/29/22,0.6,8,25,2,0,0,0,0,0,0,0,0,0,0,9,6,3.92,1.313,194,1,0,192.2,173,21,80,179
Brad Wieck,12/27/22,0.6,4,,,,,,,,,,,,,,,,,,,,,,,,
Jordan Luplow,12/19/22,0.6,6,322,841,121,179,45,120,11,114,0.213,0.313,0.432,0.745,,,,,,,,,,,,
Matt Strahm,12/9/22,0.6,7,93,29,1,6,0,1,0,2,0.207,0.258,0.276,0.534,17,28,3.81,1.208,207,25,4,304.2,270,42,98,325
Yu Chang,2/16/23,0.5,4,196,489,60,104,14,61,1,40,0.213,0.279,0.36,0.639,0,0,13.5,3,2,0,0,2,6,1,0,0
Alex Reyes,2/16/23,0.5,6,,,,,,,,,,,,,,,,,,,,,,,,
Jackson Frazier,1/27/23,0.5,6,247,744,104,177,29,98,8,92,0.238,0.329,0.427,0.756,,,,,,,,,,,,
Corey Dickerson,1/10/23,0.5,10,1033,3527,471,992,134,452,30,220,0.281,0.324,0.481,0.805,0,0,0,3,1,0,0,1,2,0,1,0
Eduard Bazardo,12/19/22,0.5,2,0,0,0,0,0,0,0,0,,,,,1,0,2.33,0.983,14,0,0,19.1,13,4,6,14
Adam Kolarek,12/13/22,0.5,6,36,0,0,0,0,0,0,0,,,,,11,4,3.77,1.277,170,0,4,143.1,141,13,42,94
César Valdez,12/5/22,0.5,5,14,4,0,0,0,0,0,0,0,0,0,0,5,6,6.11,1.598,69,6,11,112,141,17,38,91
Stone Garrett,11/29/22,0.5,1,27,76,13,21,4,10,3,3,0.276,0.309,0.539,0.848,,,,,,,,,,,,
Pablo Reyes,11/14/22,0.5,4,147,294,40,70,6,29,5,28,0.238,0.307,0.361,0.667,0,0,0,0,1,0,0,1,0,0,0,0
Luke Bard,2/11/23,0.4,4,2,0,0,0,0,0,0,0,,,,,4,4,4.44,1.111,55,3,0,81,65,14,25,68
Kent Emanuel,2/10/23,0.4,1,,,,,,,,,,,,,,,,,,,,,,,,
DJ Stewart,2/2/23,0.4,5,195,527,75,112,26,73,3,82,0.213,0.327,0.4,0.728,,,,,,,,,,,,
Harold Castro,1/19/23,0.4,5,351,1148,110,326,15,125,6,45,0.284,0.309,0.377,0.686,0,0,2.7,1.5,7,0,0,6.2,6,0,4,1
Greg Allen,1/13/23,0.4,6,282,712,103,165,10,67,45,45,0.232,0.299,0.336,0.635,,,,,,,,,,,,
Nick Neidert,1/5/23,0.4,3,8,11,0,0,0,0,0,1,0,0.083,0,0.083,1,3,4.59,1.449,13,8,0,49,46,6,25,28
Tommy Kahnle,12/21/22,0.4,8,98,3,0,0,0,0,0,0,0,0,0,0,9,9,3.78,1.257,298,0,5,290.1,230,30,135,358
Trevor May,12/16/22,0.4,8,76,3,0,0,0,0,0,0,0,0,0,0,32,24,4.35,1.306,309,26,12,403.2,391,56,136,480
Kervin Castro,12/12/22,0.4,2,10,0,0,0,0,0,0,0,,,,,1,2,4.91,1.519,20,0,0,25.2,28,3,11,24
Miguel Diaz,11/21/22,0.4,5,70,7,0,0,0,0,0,0,0,0,0,0,5,2,5.37,1.424,75,5,1,112.1,101,22,59,116
Oscar Mercado,11/18/22,0.4,4,278,859,120,202,26,95,27,59,0.235,0.289,0.388,0.676,,,,,,,,,,,,
Yairo Munoz,2/3/23,0.3,5,242,578,72,155,14,66,16,40,0.268,0.319,0.396,0.716,,,,,,,,,,,,
Chris Owings,2/2/23,0.3,10,710,2280,262,546,37,220,79,143,0.239,0.287,0.366,0.653,0,0,16.88,3.375,2,0,0,2.2,8,2,1,0
Austin Adams,1/20/23,0.3,6,74,2,0,0,0,0,0,0,0,0,0,0,6,4,3.9,1.268,108,2,0,97,56,6,67,148
Mark Appel,1/13/23,0.3,1,1,0,0,0,0,0,0,0,,,,,0,0,1.74,1.161,6,0,0,10.1,9,0,3,5
Jay Jackson,1/13/23,0.3,4,56,3,0,0,0,0,0,0,0,0,0,0,3,1,4.21,1.318,59,1,0,57.2,45,9,31,80
Austin Pruitt,1/10/23,0.3,5,7,1,0,0,0,0,0,0,0,0,0,0,12,10,4.7,1.281,112,11,6,262.1,277,38,59,190
Roman Quinn,1/4/23,0.3,6,222,535,78,121,8,45,43,48,0.226,0.303,0.348,0.651,,,,,,,,,,,,
Kyle Dowdy,12/19/22,0.3,2,1,0,0,0,0,0,0,0,,,,,2,1,5.65,1.814,15,1,0,28.2,31,4,21,20
Luis Barrera,12/15/22,0.3,2,38,85,4,20,1,7,3,6,0.235,0.29,0.329,0.62,,,,,,,,,,,,
Vince Velasquez,12/13/22,0.3,8,127,157,9,32,1,8,0,6,0.204,0.233,0.236,0.469,34,47,4.93,1.375,183,136,0,726.1,706,122,293,785
Tyler Heineman,12/10/22,0.3,3,82,210,20,45,1,12,2,12,0.214,0.279,0.276,0.556,,,,,,,,,,,,
Art Warren,12/8/22,0.3,3,23,0,0,0,0,0,0,0,,,,,6,3,4.19,1.316,71,0,3,62.1,50,7,32,79
John Hicks,11/16/22,0.3,7,,,,,,,,,,,,,,,,,,,,,,,,
DJ Peters,2/1/23,0.2,1,,,,,,,,,,,,,,,,,,,,,,,,
Jordan Holloway,1/30/23,0.2,3,12,10,0,1,0,0,0,0,0.1,0.1,0.1,0.2,2,3,3.92,1.436,15,4,0,39,28,3,28,38
Derek Law,1/23/23,0.2,6,107,2,1,1,0,0,0,0,0.5,0.5,0.5,1,12,8,4.21,1.453,193,4,10,201,205,23,87,195
Colin Moran,1/23/23,0.2,7,502,1520,167,400,50,239,1,142,0.263,0.327,0.415,0.743,,,,,,,,,,,,
Louis Head,1/6/23,0.2,2,0,0,0,0,0,0,0,0,,,,,2,0,4.1,1.209,55,2,1,63.2,53,6,24,58
Drew Hutchison,1/6/23,0.2,7,24,12,0,3,0,0,0,1,0.25,0.308,0.25,0.558,38,33,4.89,1.419,135,99,0,587,623,84,210,493
Ryan Borucki,1/4/23,0.2,5,2,0,0,0,0,0,0,0,,,,,10,9,4.45,1.4,96,19,0,170,165,21,73,136
Jacob Nottingham,12/22/22,0.2,4,,,,,,,,,,,,,,,,,,,,,,,,
T.J. McFarland,12/20/22,0.2,10,178,15,0,1,0,0,0,0,0.067,0.067,0.067,0.133,24,15,4.13,1.463,351,3,1,472.1,538,43,153,277
Tyler Wade,12/20/22,0.2,6,331,580,103,124,7,41,38,58,0.214,0.291,0.298,0.59,,,,,,,,,,,,
Billy Hamilton,12/19/22,0.2,10,948,2986,452,713,24,189,324,230,0.239,0.292,0.326,0.618,,,,,,,,,,,,
Justin Garza,12/13/22,0.2,1,,,,,,,,,,,,,,,,,,,,,,,,
Ben DeLuzio,12/12/22,0.2,1,22,20,3,3,0,0,0,3,0.15,0.292,0.2,0.492,,,,,,,,,,,,
Phillips Valdez,12/10/22,0.2,4,2,0,0,0,0,0,0,0,,,,,3,2,4.56,1.442,76,0,1,102.2,97,10,51,96
Denyi Reyes,11/23/22,0.2,1,0,0,,,,,,,,,,,0,0,2.35,1.174,3,1,0,7.2,8,0,1,3
Dixon Machado,11/22/22,0.2,5,177,473,45,107,2,37,3,35,0.226,0.285,0.292,0.577,,,,,,,,,,,,
José Rodríguez,11/22/22,0.2,3,,,,,,,,,,,,,,,,,,,,,,,,
Carson Fulmer,2/9/23,0.1,6,,,,,,,,,,,,,,,,,,,,,,,,
Bryan Garcia,2/7/23,0.1,4,0,0,0,0,0,0,0,0,,,,,7,3,5.52,1.58,76,4,6,88,89,14,50,68
Magneuris Sierra,2/1/23,0.1,6,278,591,67,135,0,30,29,36,0.228,0.273,0.272,0.546,,,,,,,,,,,,
Monte Harrison,1/30/23,0.1,3,50,68,13,12,2,6,7,6,0.176,0.253,0.294,0.547,,,,,,,,,,,,
Jandel Gustave,1/28/23,0.1,5,32,3,0,0,0,0,0,0,0,0,0,0,4,2,3.56,1.231,84,0,1,91,76,9,36,72
Reyes Moronta,1/27/23,0.1,5,125,1,0,0,0,0,0,0,0,0,0,0,10,11,3.02,1.194,175,0,3,170,112,15,91,200
Eric Yardley,1/22/23,0.1,3,,,,,,,,,,,,,,,,,,,,,,,,
Ryan Sherriff,1/21/23,0.1,5,,,,,,,,,,,,,,,,,,,,,,,,
Wynton Bernard,1/20/23,0.1,1,12,42,9,12,0,3,3,0,0.286,0.286,0.31,0.595,,,,,,,,,,,,
Ben Heller,1/19/23,0.1,6,,,,,,,,,,,,,,,,,,,,,,,,
Ronald Guzmán,1/16/23,0.1,5,246,743,91,167,31,104,3,73,0.225,0.302,0.41,0.712,,,,,,,,,,,,
Luke Weaver,1/13/23,0.1,7,84,108,10,18,1,8,0,3,0.167,0.188,0.194,0.382,24,36,4.79,1.4,115,81,0,450.2,483,61,148,462
Michael Kelly,1/4/23,0.1,1,0,0,,,,,,,,,,,0,0,2.25,1,4,0,0,4,3,1,1,4
Alex Claudio,1/3/23,0.1,9,100,0,0,0,0,0,0,0,,,,,16,10,3.6,1.297,355,2,14,347.2,356,31,95,249
Aneurys Zabala,12/27/22,0.1,1,0,0,,,,,,,,,,,0,0,0,1.5,2,0,0,2.2,3,0,1,2
Roenis Elías,12/20/22,0.1,7,11,7,0,1,0,0,0,0,0.143,0.143,0.143,0.286,22,24,3.96,1.319,133,54,14,395.2,371,45,151,331
Jake Fishman,12/20/22,0.1,1,0,0,,,,,,,,,,,0,0,4.09,1.182,7,0,0,11,13,0,0,6
Sergio Alcántara,12/19/22,0.1,3,192,446,58,93,12,47,4,44,0.209,0.281,0.343,0.624,,,,,,,,,,,,
Jakson Reetz,12/12/22,0.1,1,,,,,,,,,,,,,,,,,,,,,,,,
Drew Carlton,12/10/22,0.1,2,2,0,0,0,0,0,0,0,,,,,0,0,2.92,1.135,9,0,0,12.1,10,2,4,8
Alex De Goti,12/1/22,0.1,1,,,,,,,,,,,,,,,,,,,,,,,,
Nate Fisher,11/22/22,0.1,1,0,0,,,,,,,,,,,0,0,0,1,1,0,0,3,1,0,2,1
Jonathan Holder,11/22/22,0.1,6,,,,,,,,,,,,,,,,,,,,,,,,
Elliot Soto,11/22/22,0.1,2,,,,,,,,,,,,,,,,,,,,,,,,
Jacob Webb,11/22/22,0.1,3,,,,,,,,,,,,,,,,,,,,,,,,
Vinny Capra,11/19/22,0.1,1,8,5,2,1,0,0,0,2,0.2,0.429,0.2,0.629,,,,,,,,,,,,
Yusniel Diaz,2/3/23,0,1,1,1,0,0,0,0,0,0,0,0,0,0,,,,,,,,,,,,
Nate Mondou,1/30/23,0,1,1,2,0,0,0,0,0,1,0,0.333,0,0.333,,,,,,,,,,,,
Travis Jankowski,1/27/23,0,8,470,1070,159,252,9,54,72,126,0.236,0.319,0.31,0.63,,,,,,,,,,,,
José Briceño,1/18/23,0,4,,,,,,,,,,,,,,,,,,,,,,,,
Francisco Perez,1/9/23,0,2,0,0,0,0,0,0,0,0,,,,,0,0,5.87,2.022,14,0,0,15.1,19,2,12,12
Paul Fry,1/6/23,0,5,5,0,0,0,0,0,0,0,,,,,7,16,4.82,1.432,188,0,7,177.1,157,15,97,194
Ryan LaMarre,1/3/23,0,7,,,,,,,,,,,,,,,,,,,,,,,,
Brian O'Keefe,12/27/22,0,1,2,3,0,1,0,0,0,1,0.333,0.5,0.333,0.833,,,,,,,,,,,,
Jackson Stephens,12/26/22,0,3,36,8,1,2,0,2,0,1,0.25,0.333,0.25,0.583,7,7,4.31,1.41,75,5,2,117,118,16,47,101
Collin Wiles,12/20/22,0,1,0,0,,,,,,,,,,,0,0,4.66,1.345,4,0,0,9.2,11,1,2,9
Gerardo Reyes,12/19/22,0,2,27,1,0,0,0,0,0,0,0,0,0,0,4,0,7.39,1.464,29,0,0,28,27,4,14,38
Anderson Espinoza,12/15/22,0,1,0,0,,,,,,,,,,,0,2,5.4,1.636,7,0,0,18.1,14,4,16,19
Ehire Adrianza,12/12/22,0,10,611,1358,183,325,21,149,19,126,0.239,0.309,0.354,0.663,0,0,12,2.333,3,0,0,3,6,1,1,2
Nick Duron,12/10/22,0,1,0,0,,,,,,,,,,,0,0,0,2,1,0,0,1,2,0,0,1
José Peraza,12/10/22,0,7,,,,,,,,,,,,,,,,,,,,,,,,
Demarcus Evans,12/8/22,0,2,,,,,,,,,,,,,,,,,,,,,,,,
Austin Allen,12/5/22,0,4,57,118,8,23,2,7,0,8,0.195,0.252,0.288,0.54,,,,,,,,,,,,
Meibrys Viloria,12/4/22,0,4,93,244,22,49,3,24,0,24,0.201,0.27,0.283,0.553,,,,,,,,,,,,
Austin Brice,12/1/22,0,7,101,5,0,0,0,0,0,0,0,0,0,0,4,4,5.12,1.298,144,1,0,168.2,153,29,66,160
Anthony Gose,12/1/22,0,7,372,1128,155,271,12,69,57,101,0.24,0.309,0.348,0.656,3,0,3.9,1.193,28,0,0,27.2,17,4,16,37
Nash Walters,11/28/22,0,1,0,0,,,,,,,,,,,0,0,0,6,1,0,0,0.1,1,0,1,0
Derek Hill,11/22/22,0,3,95,233,30,56,4,17,9,16,0.24,0.291,0.339,0.63,,,,,,,,,,,,
Rico Garcia,11/14/22,0,3,3,1,0,0,0,0,0,0,0,0,0,0,1,2,6.38,1.75,20,1,0,24,30,6,12,11
José Ureña,11/11/22,0,8,134,146,6,11,0,3,0,3,0.075,0.094,0.089,0.183,39,62,4.8,1.401,189,133,4,794.2,820,103,293,536
Chad Kuhl,2/15/23,-0.1,6,88,113,5,11,0,4,0,3,0.097,0.121,0.115,0.236,31,41,4.74,1.451,127,111,0,576.2,584,84,253,505
Kyle Crick,2/13/23,-0.1,6,162,0,0,0,0,0,0,0,,,,,9,11,3.56,1.324,194,0,2,187.1,139,15,109,201
Connor Sadzeck,2/9/23,-0.1,3,2,0,0,0,0,0,0,0,,,,,0,1,2.75,1.528,35,2,1,36,28,5,27,36
Jeurys Familia,2/3/23,-0.1,11,422,5,0,2,0,1,0,0,0.4,0.4,0.4,0.8,34,28,3.51,1.352,547,1,125,543,481,42,253,568
Nick Plummer,2/3/23,-0.1,1,14,29,4,4,2,6,0,1,0.138,0.194,0.379,0.573,,,,,,,,,,,,
Luke Williams,2/3/23,-0.1,2,137,225,29,54,2,12,13,19,0.24,0.299,0.316,0.615,,,,,,,,,,,,
Ty Buttrey,2/1/23,-0.1,4,,,,,,,,,,,,,,,,,,,,,,,,
Locke St. John,2/1/23,-0.1,2,0,0,0,0,0,0,0,0,,,,,0,0,7.27,1.615,8,0,0,8.2,10,2,4,9
Jonathan Davis,1/30/23,-0.1,5,171,298,44,55,4,20,18,35,0.185,0.291,0.245,0.536,,,,,,,,,,,,
Ryan Goins,1/30/23,-0.1,9,,,,,,,,,,,,,,,,,,,,,,,,
Ian Hamilton,1/27/23,-0.1,3,0,0,0,0,0,0,0,0,,,,,1,2,4.91,1.432,15,0,0,14.2,13,3,8,9
Johan Camargo,1/25/23,-0.1,6,416,1225,149,312,37,159,2,99,0.255,0.313,0.41,0.723,,,,,,,,,,,,
Johan Quezada,1/25/23,-0.1,2,,,,,,,,,,,,,,,,,,,,,,,,
Dereck Rodríguez,1/19/23,-0.1,4,47,61,1,8,0,1,0,0,0.131,0.131,0.148,0.279,12,16,4.24,1.319,53,35,0,229,223,35,79,166
Ty Blach,1/11/23,-0.1,5,91,78,6,13,1,7,0,6,0.167,0.224,0.231,0.454,17,22,5.1,1.441,116,45,1,370.2,417,38,117,207
Fernando Abad,1/5/23,-0.1,12,,,,,,,,,,,,,,,,,,,,,,,,
Chance Sisco,1/5/23,-0.1,5,,,,,,,,,,,,,,,,,,,,,,,,
Tyler Danish,12/29/22,-0.1,4,0,0,0,0,0,0,0,0,,,,,5,1,5.06,1.538,43,1,0,53.1,57,9,25,43
Niko Goodrum,12/21/22,-0.1,6,402,1375,173,311,42,152,46,138,0.226,0.299,0.389,0.688,,,,,,,,,,,,
Ryan Yarbrough,12/13/22,-0.1,5,6,7,0,0,0,0,0,0,0,0,0,0,40,31,4.33,1.202,127,59,0,579.2,566,75,131,467
Tanner Tully,12/12/22,-0.1,1,0,0,,,,,,,,,,,0,0,6,2.333,3,0,0,6,8,1,6,2
Yohel Pozo,12/9/22,-0.1,1,,,,,,,,,,,,,,,,,,,,,,,,
Nicklaus Snyder,12/9/22,-0.1,2,0,0,0,0,0,0,0,0,,,,,0,0,7.71,2.143,6,0,0,4.2,4,0,6,1
Josh Lester,12/6/22,-0.1,1,2,5,0,0,0,0,0,0,0,0,0,0,,,,,,,,,,,,
Joely Rodríguez,11/23/22,-0.1,5,46,0,0,0,0,0,0,0,,,,,5,9,4.56,1.479,157,0,1,146,148,11,68,146
Daniel Duarte,11/22/22,-0.1,1,0,0,,,,,,,,,,,0,0,10.13,2.25,3,0,0,2.2,3,1,3,2
Brendon Davis,11/21/22,-0.1,1,3,10,2,2,0,0,1,1,0.2,0.273,0.2,0.473,,,,,,,,,,,,
Mauricio Llovera,11/19/22,-0.1,3,6,0,0,0,0,0,0,0,,,,,1,0,7.13,1.75,24,1,0,24,29,7,13,28
Taylor Motter,11/18/22,-0.1,5,159,404,47,77,10,38,13,39,0.191,0.262,0.309,0.572,,,,,,,,,,,,
Kevin Herget,11/10/22,-0.1,1,0,0,,,,,,,,,,,0,1,7.71,1.286,3,0,0,7,9,0,0,4
Daniel Robertson,2/13/23,-0.2,5,,,,,,,,,,,,,,,,,,,,,,,,
Rob Zastryzny,2/2/23,-0.2,4,18,6,0,1,0,0,0,0,0.167,0.167,0.167,0.333,2,0,4.66,1.474,24,1,0,38.2,40,2,17,34
Brian Moran,2/1/23,-0.2,3,10,0,0,0,0,0,0,0,,,,,2,0,7.94,2.118,18,0,0,11.1,15,3,9,17
Jesus Cruz,1/23/23,-0.2,2,0,0,0,0,0,0,0,0,,,,,0,0,7.45,1.655,8,0,0,9.2,11,3,5,8
Taylor Jones,1/11/23,-0.2,3,43,124,14,29,3,19,0,5,0.234,0.26,0.395,0.655,,,,,,,,,,,,
Rob Brantly,1/6/23,-0.2,8,134,414,32,93,7,37,1,33,0.225,0.287,0.326,0.613,,,,,,,,,,,,
Julian Fernández,1/6/23,-0.2,1,,,,,,,,,,,,,,,,,,,,,,,,
Brent Honeywell Jr.,1/6/23,-0.2,1,,,,,,,,,,,,,,,,,,,,,,,,
Erik González,12/29/22,-0.2,7,352,842,87,204,11,77,13,38,0.242,0.276,0.34,0.615,,,,,,,,,,,,
Eric Hanhold,12/15/22,-0.2,4,,,,,,,,,,,,,,,,,,,,,,,,
Eric Stout,12/13/22,-0.2,2,0,0,0,0,0,0,0,0,,,,,0,0,7.3,2.027,23,0,1,24.2,32,4,18,27
Aaron Brooks,12/12/22,-0.2,5,3,5,0,0,0,0,0,0,0,0,0,0,9,13,6.55,1.5,52,28,0,180,215,34,55,130
Deolis Guerra,12/12/22,-0.2,7,,,,,,,,,,,,,,,,,,,,,,,,
Jake Bauers,12/9/22,-0.2,4,,,,,,,,,,,,,,,,,,,,,,,,
Ryan Hendrix,12/9/22,-0.2,2,34,1,0,0,0,0,0,0,0,0,0,0,5,1,5.85,1.6,45,0,0,40,42,8,22,44
Silvino Bracho,12/7/22,-0.2,6,85,1,0,0,0,0,0,0,0,0,0,0,2,2,4.88,1.298,95,0,1,94,88,19,34,98
Joe Hudson,12/5/22,-0.2,4,,,,,,,,,,,,,,,,,,,,,,,,
Brailyn Marquez,12/5/22,-0.2,2,,,,,,,,,,,,,,,,,,,,,,,,
Adonis Medina,12/5/22,-0.2,3,6,1,0,0,0,0,0,0,0,0,0,0,1,1,5.35,1.557,19,2,1,35.1,42,2,13,27
Sean Reid-Foley,12/5/22,-0.2,5,13,4,0,0,0,0,0,2,0,0.333,0,0.333,7,9,4.66,1.564,40,13,0,102.1,96,15,64,110
Narciso Crook,11/22/22,-0.2,1,4,8,1,2,0,2,0,0,0.25,0.222,0.375,0.597,,,,,,,,,,,,
Matt Koch,11/22/22,-0.2,5,33,26,1,1,0,0,0,4,0.038,0.167,0.038,0.205,6,6,5,1.272,40,16,1,129.2,133,30,32,72
Rafael Montero,11/15/22,-0.2,8,59,43,1,2,0,1,0,0,0.047,0.047,0.047,0.093,18,23,4.64,1.458,212,30,29,356.2,358,38,162,357
Kevin Plawecki,2/12/23,-0.3,8,447,1268,119,298,22,137,2,119,0.235,0.313,0.341,0.654,0,0,4.7,0.913,7,0,0,7.2,6,3,1,0
Daniel Zamora,2/2/23,-0.3,4,,,,,,,,,,,,,,,,,,,,,,,,
Aaron Sanchez,1/30/23,-0.3,8,17,22,0,0,0,0,0,1,0,0.043,0,0.043,38,38,4.16,1.378,174,113,3,685,652,72,292,541
Taylor Williams,1/30/23,-0.3,5,,,,,,,,,,,,,,,,,,,,,,,,
Yolmer Sanchez,1/23/23,-0.3,8,674,2276,253,552,32,217,30,165,0.243,0.299,0.355,0.654,0,0,9,2.5,2,0,0,2,5,1,0,0
Phillip Evans,1/9/23,-0.3,5,,,,,,,,,,,,,,,,,,,,,,,,
Grayson Greiner,1/5/23,-0.3,5,139,433,42,87,9,46,0,44,0.201,0.275,0.307,0.583,,,,,,,,,,,,
Sterling Sharp,1/4/23,-0.3,2,,,,,,,,,,,,,,,,,,,,,,,,
Garrett Hampson,12/20/22,-0.3,5,419,1158,166,272,26,90,52,98,0.235,0.296,0.37,0.665,,,,,,,,,,,,
Patrick Murphy,12/10/22,-0.3,3,17,1,0,0,0,0,0,0,0,0,0,0,0,3,4.76,1.639,35,0,0,39.2,45,3,20,38
Ljay Newsome,12/10/22,-0.3,2,,,,,,,,,,,,,,,,,,,,,,,,
Jared Solomon,12/6/22,-0.3,1,0,0,,,,,,,,,,,0,0,10.8,1.56,9,0,0,8.1,8,3,5,9
Donovan Walton,12/5/22,-0.3,4,61,168,17,30,3,20,1,9,0.179,0.225,0.31,0.534,0,0,27,4,1,0,0,1,3,1,1,0
Phillip Diehl,2/9/23,-0.4,3,10,0,0,0,0,0,0,0,,,,,0,0,9.47,1.632,21,0,0,19,25,6,6,15
Dusten Knight,2/9/23,-0.4,2,0,0,0,0,0,0,0,0,,,,,0,1,7.32,1.576,13,0,0,19.2,22,5,9,20
Tim Locastro,1/11/23,-0.4,6,247,475,87,108,7,35,39,33,0.227,0.325,0.331,0.656,,,,,,,,,,,,
Elier Hernandez,1/6/23,-0.4,1,14,33,4,6,0,3,0,1,0.182,0.2,0.242,0.442,,,,,,,,,,,,
Tayler Scott,1/3/23,-0.4,2,1,0,0,0,0,0,0,0,,,,,0,1,11.12,2.365,21,2,0,28.1,50,7,17,27
Jordan Lyles,12/28/22,-0.4,12,218,223,16,25,2,15,0,11,0.112,0.157,0.157,0.314,66,90,5.1,1.428,321,214,2,1326.1,1448,198,446,1022
Travis Blankenhorn,12/19/22,-0.4,3,26,29,4,5,1,4,0,1,0.172,0.226,0.379,0.605,,,,,,,,,,,,
José Godoy,12/16/22,-0.4,2,26,57,5,7,0,4,0,5,0.123,0.194,0.14,0.334,,,,,,,,,,,,
Patrick Mazeika,12/13/22,-0.4,2,61,147,10,28,2,12,0,6,0.19,0.236,0.279,0.515,,,,,,,,,,,,
Sebastian Rivero,12/13/22,-0.4,2,34,66,3,11,0,4,0,5,0.167,0.236,0.197,0.433,,,,,,,,,,,,
James Norwood,12/9/22,-0.4,5,24,4,0,0,0,0,0,0,0,0,0,0,1,2,5.48,1.872,48,0,0,44.1,57,3,26,46
Nick Ramirez,12/9/22,-0.4,3,,,,,,,,,,,,,,,,,,,,,,,,
Erick Mejia,12/1/22,-0.4,3,,,,,,,,,,,,,,,,,,,,,,,,
Geoff Hartlieb,11/21/22,-0.4,3,,,,,,,,,,,,,,,,,,,,,,,,
Colton Welker,11/19/22,-0.4,1,,,,,,,,,,,,,,,,,,,,,,,,
Angel Perdomo,2/9/23,-0.5,2,,,,,,,,,,,,,,,,,,,,,,,,
Casey Lawrence,12/30/22,-0.5,3,4,2,0,0,0,0,0,0,0,0,0,0,3,4,6.8,1.728,44,2,0,96.2,128,18,39,77
Jake Jewell,12/24/22,-0.5,4,,,,,,,,,,,,,,,,,,,,,,,,
Eddy Alvarez,12/20/22,-0.5,3,50,126,15,23,1,11,4,7,0.183,0.262,0.262,0.524,,,,,,,,,,,,
Tim Lopes,12/19/22,-0.5,3,,,,,,,,,,,,,,,,,,,,,,,,
Tommy Romero,12/19/22,-0.5,1,0,0,,,,,,,,,,,1,1,10.8,2.4,4,2,0,8.1,11,7,9,7
José Mujica,12/18/22,-0.5,2,,,,,,,,,,,,,,,,,,,,,,,,
Michael Hermosillo,12/14/22,-0.5,5,103,198,26,33,4,17,4,17,0.167,0.268,0.283,0.55,,,,,,,,,,,,
Chuckie Robinson,12/6/22,-0.5,1,25,59,3,8,2,5,0,0,0.136,0.136,0.271,0.407,,,,,,,,,,,,
Shelby Miller,12/1/22,-0.5,10,141,203,16,22,1,7,0,12,0.108,0.165,0.182,0.347,38,58,4.21,1.371,167,132,0,778,755,86,312,644
Daniel Norris,2/15/23,-0.6,9,27,14,2,2,1,2,0,2,0.143,0.25,0.357,0.607,22,38,4.71,1.389,208,86,1,569.2,578,87,213,534
Alex Colomé,2/4/23,-0.6,10,28,2,0,0,0,0,0,0,0,0,0,0,34,34,3.34,1.248,446,19,159,536,484,49,185,475
Robbie Erlin,2/3/23,-0.6,8,100,72,1,8,0,2,0,3,0.111,0.147,0.111,0.258,13,20,4.87,1.291,117,43,0,341.2,371,43,70,275
Chad Pinder,2/1/23,-0.6,7,553,1603,204,388,62,197,5,103,0.242,0.294,0.417,0.711,0,0,27,4,1,0,0,1,2,0,2,0
Ian Kennedy,1/27/23,-0.6,16,216,321,21,42,1,18,0,33,0.131,0.213,0.181,0.394,104,113,4.14,1.287,481,290,66,1888,1790,276,640,1754
Ben Bowden,1/23/23,-0.6,1,,,,,,,,,,,,,,,,,,,,,,,,
Zack Burdi,1/13/23,-0.6,2,,,,,,,,,,,,,,,,,,,,,,,,
Touki Toussaint,1/3/23,-0.6,5,41,34,2,1,0,0,0,2,0.029,0.083,0.029,0.113,10,7,5.34,1.474,57,23,0,170.1,147,26,104,181
Wilmer Difo,12/22/22,-0.6,8,492,1179,158,295,19,103,24,106,0.25,0.311,0.353,0.664,,,,,,,,,,,,
Austin Hedges,12/20/22,-0.6,8,605,1812,173,343,66,207,12,125,0.189,0.247,0.331,0.578,,,,,,,,,,,,
Cam Vieaux,12/19/22,-0.6,1,0,0,,,,,,,,,,,0,0,10.38,2.308,8,0,0,8.2,15,2,5,15
Tommy Milone,12/10/22,-0.6,12,36,45,4,7,1,7,0,3,0.156,0.208,0.222,0.431,53,52,4.6,1.329,196,146,3,944.1,1028,161,227,710
Jimmy Yacabonis,12/1/22,-0.6,5,3,2,0,0,0,1,0,0,0,0,0,0,4,6,6.03,1.695,71,13,0,118,131,23,69,96
Michael Papierski,11/23/22,-0.6,1,39,91,7,13,1,4,0,10,0.143,0.228,0.187,0.415,,,,,,,,,,,,
Mark Payton,11/21/22,-0.6,3,40,61,5,10,0,1,1,8,0.164,0.261,0.18,0.441,,,,,,,,,,,,
Miguel Del Pozo,10/21/22,-0.6,3,,,,,,,,,,,,,,,,,,,,,,,,
Jacob Barnes,1/26/23,-0.7,7,173,0,0,0,0,0,0,1,,1,,,8,16,4.7,1.402,252,1,7,249,241,31,108,254
Alex Young,1/17/23,-0.7,4,45,29,1,1,0,0,0,0,0.034,0.034,0.034,0.069,12,16,4.58,1.421,97,25,0,208.1,217,37,79,174
Tony Wolters,1/3/23,-0.7,7,407,1103,131,259,7,123,6,127,0.235,0.321,0.314,0.635,,,,,,,,,,,,
Anthony Castro,12/19/22,-0.7,3,0,0,0,0,0,0,0,0,,,,,1,2,6,1.59,38,0,1,39,43,10,19,45
Billy McKinney,12/19/22,-0.7,5,263,690,87,142,28,72,3,66,0.206,0.277,0.387,0.664,,,,,,,,,,,,
Kevin Padlo,12/15/22,-0.7,2,23,46,1,5,0,3,0,3,0.109,0.163,0.152,0.315,,,,,,,,,,,,
Chad Wallach,11/22/22,-0.7,6,90,243,17,48,4,24,0,20,0.198,0.265,0.296,0.561,,,,,,,,,,,,
Jermaine Palacios,11/14/22,-0.7,1,30,70,8,10,2,6,0,4,0.143,0.184,0.229,0.413,0,0,0,1.5,2,0,0,0.2,1,0,0,1
Jason Vosler,2/1/23,-0.8,2,77,171,26,39,7,21,3,17,0.228,0.306,0.421,0.727,,,,,,,,,,,,
Jon Duplantier,1/4/23,-0.8,3,,,,,,,,,,,,,,,,,,,,,,,,
Anthony Banda,12/23/22,-0.8,6,36,6,1,0,0,0,0,0,0,0,0,0,7,6,5.64,1.612,80,6,1,111.2,136,13,44,103
Andrew Knapp,12/23/22,-0.8,6,325,750,83,157,13,66,2,103,0.209,0.31,0.313,0.623,,,,,,,,,,,,
T.J. Zeuch,12/13/22,-0.8,4,1,1,0,0,0,0,0,0,0,0,0,0,2,7,6.49,1.793,16,10,0,59.2,76,14,31,36
Austin Davis,11/16/22,-0.8,5,56,3,0,0,0,0,0,1,0,0.25,0,0.25,4,5,5.61,1.538,136,3,0,144.1,149,20,73,159
Kyle Hart,2/9/23,-0.9,2,,,,,,,,,,,,,,,,,,,,,,,,
Michael Perez,1/30/23,-0.9,5,199,535,51,93,15,61,1,47,0.174,0.244,0.301,0.545,,,,,,,,,,,,
Skye Bolt,1/28/23,-0.9,3,81,173,16,27,5,17,7,9,0.156,0.205,0.266,0.471,,,,,,,,,,,,
Dom Nuñez,1/2/23,-0.9,3,111,300,38,54,12,39,0,43,0.18,0.28,0.373,0.653,,,,,,,,,,,,
Taylor Rogers,12/28/22,-0.9,7,19,0,0,0,0,0,0,0,,,,,21,26,3.42,1.156,385,0,81,379,343,37,95,445
Sam Clay,12/12/22,-0.9,2,54,2,0,0,0,0,0,0,0,0,0,0,0,5,5.9,1.689,65,0,0,50.1,59,5,26,39
José De León,12/9/22,-0.9,6,,,,,,,,,,,,,,,,,,,,,,,,
Franchy Cordero,12/2/22,-0.9,6,227,653,91,144,21,74,13,64,0.221,0.29,0.386,0.676,,,,,,,,,,,,
Daniel Ponce de Leon,9/9/22,-0.9,4,,,,,,,,,,,,,,,,,,,,,,,,
Zack Collins,2/9/23,-1,4,150,394,45,73,11,49,1,59,0.185,0.295,0.327,0.623,,,,,,,,,,,,
Richie Martin,1/17/23,-1,3,170,411,42,87,7,34,13,21,0.212,0.261,0.311,0.572,,,,,,,,,,,,
Jake Lamb,12/19/22,-1,9,705,2258,328,532,94,337,18,292,0.236,0.327,0.429,0.756,,,,,,,,,,,,
Chi Chi González,12/12/22,-1,6,37,55,3,6,0,3,0,1,0.109,0.125,0.127,0.252,9,24,5.66,1.493,68,52,0,284.2,306,44,119,170
Matt Beaty,1/11/23,-1.1,4,260,546,85,136,18,92,7,41,0.249,0.32,0.405,0.725,,,,,,,,,,,,
Abraham Almonte,12/16/22,-1.1,10,455,1221,168,287,24,118,27,118,0.235,0.302,0.374,0.676,,,,,,,,,,,,
Aramis Garcia,2/16/23,-1.2,4,116,301,27,65,10,25,0,10,0.216,0.253,0.332,0.585,,,,,,,,,,,,
Jordan Yamamoto,1/23/23,-1.2,3,,,,,,,,,,,,,,,,,,,,,,,,
Vimael Machín,1/10/23,-1.2,3,112,318,38,66,1,14,1,36,0.208,0.29,0.261,0.551,,,,,,,,,,,,
Mike Ford,1/9/23,-1.2,4,151,408,50,82,20,51,0,52,0.201,0.301,0.387,0.689,0,0,21,2.667,2,0,0,3,7,3,1,1
Josh VanMeter,1/9/23,-1.2,4,300,743,83,153,19,79,17,88,0.206,0.293,0.347,0.64,0,0,39,5.667,3,0,0,3,15,5,2,0
Austin Romine,12/24/22,-1.2,11,484,1352,141,311,31,166,4,69,0.23,0.268,0.348,0.616,,,,,,,,,,,,
Trevor Gott,11/30/22,-1.2,7,87,1,0,0,0,0,0,0,0,0,0,0,16,10,4.8,1.276,191,0,5,185.2,168,26,69,160
Chris Devenski,11/29/22,-1.2,7,25,1,0,0,0,0,0,0,0,0,0,0,19,17,3.7,1.103,246,7,8,331,279,43,86,349
Michael Chavis,1/6/23,-1.3,4,309,1015,117,241,40,137,7,59,0.237,0.283,0.407,0.69,,,,,,,,,,,,
Stephen Piscotty,2/6/23,-1.5,8,726,2517,322,643,93,354,23,225,0.255,0.324,0.43,0.754,,,,,,,,,,,,
Heath Hembree,1/19/23,-1.5,10,78,2,0,0,0,0,0,0,0,0,0,0,21,13,4.39,1.387,357,0,11,354.2,347,66,145,392
Elvin Rodriguez,1/19/23,-1.5,1,0,0,,,,,,,,,,,0,4,10.62,1.921,7,5,0,29.2,42,12,15,25
Willie Calhoun,1/12/23,-1.6,6,257,854,98,205,32,104,0,66,0.24,0.299,0.404,0.703,,,,,,,,,,,,
Sean Newcomb,2/6/23,-1.8,6,128,81,4,3,0,1,0,3,0.037,0.071,0.049,0.121,26,24,4.52,1.473,161,58,2,406,379,49,219,414
Yoshi Tsutsugo,1/15/23,-2,3,182,557,65,110,18,75,0,74,0.197,0.291,0.339,0.63,,,,,,,,,,,,
Cole Tucker,12/17/22,-2.3,4,154,436,51,92,5,35,4,28,0.211,0.259,0.314,0.573,,,,,,,,,,,,
Dustin Peterson,1/18/23,,4,,,,,,,,,,,,,,,,,,,,,,,,
Trey Wingenter,1/9/23,,4,,,,,,,,,,,,,,,,,,,,,,,,
Matt Bowman,1/5/23,,6,,,,,,,,,,,,,,,,,,,,,,,,
Brendan McKay,12/11/22,,3,,,,,,,,,,,,,,,,,,,,,,,,
James Jones,12/10/22,,8,,,,,,,,,,,,,,,,,,,,,,,,
Nick Dini,12/9/22,,3,,,,,,,,,,,,,,,,,,,,,,,,
Zach McAllister,12/9/22,,11,,,,,,,,,,,,,,,,,,,,,,,,
Preston Tucker,12/9/22,,7,,,,,,,,,,,,,,,,,,,,,,,,
Tyler White,12/5/22,,6,,,,,,,,,,,,,,,,,,,,,,,,
Ronald Herrera,12/1/22,,5,,,,,,,,,,,,,,,,,,,,,,,,
Juniel Querecuto,11/18/22,,6,,,,,,,,,,,,,,,,,,,,,,,,